Q2066131	athlete_10953
Q41583	coach_3867
Q3246315	headcoach_2595
Q58825429	olympiccompetitor_998
Q130495720	paraathletics_competitor_326
Q90496069	paraswimmer_400
Q1708232	medalist_549
Q15986539	sportsofficial_330
Q202648	referee_329
Q50995749	sportsperson_366
Q9149093	mountaineer_1408
Q3951423	rockclimber_265
Q15306067	triathlete_931
Q13561328	surfer_456
Q17502714	skateboarder_403
Q15709642	snowboarder_875
Q13382460	marathonrunner_1701
Q4009406	sprinter_5391
Q11513337	athleticscompetitor_28823
Q13381753	middle_distancerunner_1354
Q4439155	long_distancerunner_2217
Q13724897	hurdler_620
Q13382122	highjumper_455
Q13381428	longjumper_482
Q13464497	polevaulter_427
Q18534714	shotputter_378
Q18510502	javelinthrower_682
Q13381689	discusthrower_387
Q17405793	racewalker_351
Q13382355	archer_1495
Q13382519	tabletennis_player_1988
Q13141064	badmintonplayer_3569
Q16278103	squashplayer_1067
Q10833314	tennisplayer_11312
Q13219424	tenniscoach_459
Q10843402	swimmer_13322
Q16004431	competitivediver_1773
Q18715859	synchronisedswimmer_491
Q16004471	kayaker_802
Q13382566	canoeist_4731
Q13383011	bobsledder_1756
Q13382981	luger_1058
Q13388586	softballplayer_615
Q4144610	alpineskier_3602
Q18617021	freestyleskier_1023
Q13382603	skijumper_1553
Q13382605	nordiccombined_skier_883
Q19801627	skimountaineer_377
Q16029547	biathlete_1804
Q10866633	speedskater_2142
Q18200514	shorttrack_speed_skater_641
Q17361147	icedancer_1119
Q13219587	figureskater_3850
Q17516936	curler_2907
Q51751308	curlingcoach_302
Q3014296	motorcycleracer_2337
Q378622	racingdriver_5004
Q10349745	racingautomobile_driver_4655
Q10841764	formulaone_driver_981
Q10842936	rallydriver_582
Q63243629	speedwayrider_857
Q2730732	equestrian_1819
Q13381458	dressagerider_388
Q24797688	showjumper_290
Q466640	horsetrainer_754
Q13218361	poloplayer_366
Q846750	jockey_1090
Q2309784	sportcyclist_18019
Q15117302	volleyballplayer_6531
Q15117415	cyclo_crosscyclist_361
Q3665646	basketballplayer_27485
Q5137571	basketballcoach_7191
Q12299841	cricketer_38781
Q2143894	cricketumpire_959
Q10871364	baseballplayer_31037
Q11336312	professionalbaseball_player_468
Q1186921	baseballmanager_384
Q865935	baseballcoach_322
Q1856798	baseballumpire_266
Q12840545	handballplayer_6668
Q13365201	handballcoach_403
Q17361156	beachvolleyball_player_1147
Q18515558	futsalplayer_1708
Q21057452	beachsoccer_player_356
Q17682262	lacrosseplayer_659
Q17619498	netballer_498
Q13388442	skeletonracer_286
Q18702210	bandyplayer_318
Q29579227	bowlsplayer_1112
Q18574233	dartsplayer_694
Q17165321	snookerplayer_673
Q20540007	poolplayer_285
Q15295720	pokerplayer_932
Q18437198	bridgeplayer_477
Q11303721	golfer_4976
Q476246	sailor_4306
Q45199	sailor_816
Q1897112	skipper_584
Q13382576	rower_9305
Q1690874	coxswain_465
Q21121588	rowingcoach_273
Q11338576	boxer_12399
Q11296761	kickboxer_1150
Q388513	thaiboxer_969
Q6665249	judoka_4699
Q9017214	karateka_1132
Q13382533	taekwondoathlete_1560
Q11124885	martialartist_725
Q12369333	amateurwrestler_6832
Q12839983	wrestler_438
Q13474373	professionalwrestler_4066
Q13381572	artisticgymnast_4426
Q24037210	rhythmicgymnast_1468
Q16947675	gymnast_1791
Q13381376	weightlifter_3500
Q23845879	powerlifter_375
Q15982795	bodybuilder_454
Q10873124	chessplayer_5634
Q21141408	pentathlete_568
Q15972912	modernpentathlete_806
Q4379701	professionalgamer_429
Q11538947	professionalshogi_player_264
Q2727289	rikishi_663
Q26384038	eventrider_304
Q18199024	hurler_2314
Q17351861	gaelicfootball_player_2211
Q4951095	bowler_258
Q17486376	sportshooter_5553
Q19841381	canadianfootball_player_4840
Q13381863	fencer_4552
Q15117395	trackcyclist_831
Q13581129	orienteer_696
Q13856320	hammerthrower_325
Q12803959	runner_308
Q17614049	nascarteam_owner_254
Q19204627	americanfootball_player_41029
Q42331263	americanfootball_coach_3198
Q716711	americanfootball_official_64
Q937857	associationfootball_player_218545
Q628099	associationfootball_coach_35597
Q859528	associationfootball_referee_1768
Q111398859	associationfootball_executive_54
Q1478408	associationfootball_national_coach_11
Q38088701	associationfootball_match_official_2
Q13414980	australianrules_football_player_14613
Q50214236	australianrules_football_coach_432
Q7881754	australianrules_football_umpire_173
Q11774891	icehockey_player_22140
Q5137576	icehockey_coach_779
Q1757103	icehockey_official_66
Q65233763	icehockey_executive_15
Q2859663	icehockey_referee_6
Q14373094	rugbyleague_player_10448
Q59239421	rugbyleague_coach_71
Q64851604	rugbyleague_referee_30
Q66496492	rugbyleague_administrator_17
Q7378323	rugbyleague_match_official_2
Q26237722	rugbysevens_player_725
Q112709119	category_rugbysevens_referees_5
Q63065786	rugbysevens_coach_3
Q14089670	rugbyunion_player_20449
Q15041977	rugbyunion_coach_382
Q2859671	rugbyunion_match_official_191
Q56117770	rugbyunion_executive_44
Q10843263	fieldhockey_player_5576
Q86629158	fieldhockey_coach_33
Q3621342	fieldhockey_umpire_8
Q123364288	fieldhockey_goalkeeper_7
Q57199189	figureskating_coach_616
Q55284884	figureskating_choreographer_214
Q56882269	figureskating_judge_100
Q11607585	mixedmartial_artist_3031
Q52008305	mixedmartial_arts_referee_15
Q57997670	mixedmartial_arts_trainer_3
Q52008306	mixedmartial_arts_judge_1
Q721051	professionalwrestling_referee_42
Q123423616	professionalwrestling_promoter_12
Q123523208	professionalwrestling_announcer_9
Q123523283	professionalwrestling_ring_announcer_6
Q721067	professionalwrestling_promotion_1
Q116175863	professionalwrestling_trainer_1
Q17524364	waterpolo_player_3056
Q90479996	waterpolo_coach_160
Q13382191	waterpolo_referee_7
Q108218815	waterpolo_official_1
Q13382608	cross_countryskier_3277
Q59602173	cross_countryskiing_coach_26
Q9304839	cross_dresser_10
Q7178	internationalred_cross_and_red_crescent_movement_1
Q179687	cross_countryskiing_1
Q18667447	pes_u00e4palloplayer_33
Q101584226	pes_u00e4palloumpire_2
Q101584206	pes_u00e4pallomanager_1
