QQ1028181	painter_49274
QQ1281618	sculptor_12960
QQ33231	photographer_14404
QQ644687	illustrator_8100
QQ266569	animator_2127
QQ11569986	printmaker_4150
QQ329439	engraver_1444
QQ10862983	etcher_1061
QQ1114448	cartoonist_2458
QQ3658608	caricaturist_969
QQ715301	comicsartist_3651
QQ11892507	comicswriter_709
QQ191633	mangaka_990
QQ17098559	penciller_519
QQ7541856	ceramicist_1262
QQ3303330	calligrapher_749
QQ6138343	woodcarver_294
QQ2865798	glassartist_351
QQ3374326	muralist_455
QQ739437	posterartist_301
QQ1925963	graphicartist_3124
QQ627325	graphicdesigner_1948
QQ3391743	visualartist_5356
QQ18074503	installationartist_1487
QQ21550489	conceptualartist_523
QQ6934789	multimediaartist_369
QQ18216771	videoartist_1655
QQ21477194	contemporaryartist_415
QQ21600439	landscapepainter_341
QQ16947657	lithographer_1435
QQ13365770	copperengraver_555
QQ107212688	exlibrist_507
QQ15296811	draftsperson_5676
QQ15977927	arteducator_467
QQ10732476	artcollector_2648
QQ173950	artdealer_809
QQ674426	curator_2851
QQ780596	exhibitioncurator_911
QQ5697103	antiquarian_506
QQ998628	illuminator_309
QQ3148760	botanicalillustrator_506
QQ5322166	designer_4694
QQ3501317	fashiondesigner_2739
QQ2133309	interiordesigner_582
QQ11455387	furnituredesigner_403
QQ10694573	textileartist_627
QQ437512	weaver_281
QQ211423	goldsmith_403
QQ2216340	silversmith_279
QQ336221	jeweler_257
QQ2519376	jewellerydesigner_515
QQ1229025	typographer_493
QQ22343478	collagist_280
QQ487596	dramaturge_756
QQ1776724	theatremanager_513
QQ1759246	theatricalproducer_398
QQ943995	impresario_366
QQ483501	artist_14960
QQ17505902	watercolorist_861
QQ2145981	restorer_252
QQ175151	printer_925
QQ12859263	orator_483
QQ713223	artist_in_residence_6
QQ85743216	artist_sassistant_1
QQ57174272	artist_curator_1
