QQ3630699	gamedesigner_351
QQ54845077	role_playinggame_designer_358
QQ2629392	puppeteer_428
QQ337084	dragqueen_586
QQ728711	playboyplaymate_332
QQ3286043	eroticphotography_model_467
QQ4610556	model_14286
QQ3357567	fashionmodel_581
QQ758780	gardener_305
QQ154549	carpenter_403
QQ820037	miner_263
QQ808266	bartender_331
QQ3400050	potter_359
QQ2000124	dearth_u00f3irstampa_u00ed_phoist_349
QQ3068305	salonni_u00e8re_405
QQ19698265	fashionphotographer_292
QQ15924544	lichenologist_301
QQ3190387	gigilante_341
QQ17307272	circusperformer_669
QQ15855449	magician_731
QQ11900058	explorer_5257
QQ188784	superhero_946
QQ155647	astrologer_651
QQ12356615	traveler_532
QQ107711	firefighter_267
QQ58287519	videogame_developer_person_274
QQ18882335	videogame_designer_156
QQ116695160	videogame_actor_135
QQ2702296	videogame_producer_130
QQ63538345	videogame_director_110
QQ3476620	videogame_writer_55
QQ3191582	videogame_artist_27
QQ48375857	videogame_journalist_20
QQ63536580	videogame_composer_19
QQ64404485	videogame_critic_8
QQ1137109	videogame_publisher_2
QQ8076	videogame_console_1
QQ72398227	videogame_historian_1
QQ1285556	pok_u00e9montrainer_10
QQ11309614	pok_u00e9mongym_leader_5
QQ11334882	pok_u00e9monprofessor_3
QQ116205174	pok_u00e9moncoordinator_1
QQ130973804	self_employedperson_10
QQ16641963	self_employer_3
QQ11613014	self_defenseofficial_2
QQ15980158	non_fictionwriter_2936
QQ158950	non_commissionedofficer_18
QQ135004907	non_sexactor_in_a_pornographic_work_13
QQ837703	non_executivedirector_3
QQ79913	non_governmentalorganisation_1
QQ6731035	magician_sassistant_3
QQ7016285	newzealand_official_war_artists_1
QQ5663906	alcalde_mayor_3
QQ3029430	directorof_research_at_cnrs_32
QQ2459497	directorof_radio_drama_29
QQ986888	directorof_audiography_27
QQ92924928	directorof_studies_23
QQ5280566	directorof_communications_23
QQ1291681	directorof_studies_14
QQ115793163	directorof_the_archives_13
QQ5280538	directorof_bands_5
QQ107589769	directorof_sales_3
QQ84020579	directorof_operations_2
QQ18204663	directorof_football_2
QQ96577739	directorof_nursing_1
QQ86505071	directorof_the_concert_hall_1
QQ5280571	directorof_the_defense_intelligence_agency_1
QQ5280558	directorof_public_prosecutions_1
QQ4583517	directorof_police_1
QQ19374092	directorof_health_1
QQ17514147	directorof_chancery_1
QQ16200120	directorof_the_united_states_secret_service_1
QQ15491419	directorof_uea_1
QQ130706828	directorof_marketing_1
QQ111367336	directorof_land_survey_1
QQ104844640	directorof_network_programming_1
QQ102123232	directorof_student_services_1
QQ2932400	under_secretary_generalof_the_united_nations_1
QQ382844	governor_general_7
QQ1542521	governor_generalof_the_philippines_1
QQ3253618	listof_prefects_and_dukes_of_amalfi_6
QQ2617025	listof_muslim_historians_4
QQ6607100	listof_bank_robbers_and_robberies_1
QQ2991502	listof_people_associated_with_the_revolt_of_the_comuneros_1
QQ2577999	listof_sephardi_chief_rabbis_of_the_land_of_israel_1
QQ2523292	listof_prolific_writers_1
QQ2066514	listof_tosafists_1
QQ176649	listof_explorers_1
QQ16986347	listof_keepers_of_the_records_in_the_tower_of_london_1
QQ12479854	listof_speakers_of_the_people_s_consultative_assembly_1
