QQ2066131	athlete_10953
QQ41583	coach_3867
QQ3246315	headcoach_2595
QQ58825429	olympiccompetitor_998
QQ130495720	paraathletics_competitor_326
QQ90496069	paraswimmer_400
QQ1708232	medalist_549
QQ15986539	sportsofficial_330
QQ202648	referee_329
QQ50995749	sportsperson_366
QQ9149093	mountaineer_1408
QQ3951423	rockclimber_265
QQ15306067	triathlete_931
QQ13561328	surfer_456
QQ17502714	skateboarder_403
QQ15709642	snowboarder_875
QQ13382460	marathonrunner_1701
QQ4009406	sprinter_5391
QQ11513337	athleticscompetitor_28823
QQ13381753	middle_distancerunner_1354
QQ4439155	long_distancerunner_2217
QQ13724897	hurdler_620
QQ13382122	highjumper_455
QQ13381428	longjumper_482
QQ13464497	polevaulter_427
QQ18534714	shotputter_378
QQ18510502	javelinthrower_682
QQ13381689	discusthrower_387
QQ17405793	racewalker_351
QQ13382355	archer_1495
QQ13382519	tabletennis_player_1988
QQ13141064	badmintonplayer_3569
QQ16278103	squashplayer_1067
QQ10833314	tennisplayer_11312
QQ13219424	tenniscoach_459
QQ10843402	swimmer_13322
QQ16004431	competitivediver_1773
QQ18715859	synchronisedswimmer_491
QQ16004471	kayaker_802
QQ13382566	canoeist_4731
QQ13383011	bobsledder_1756
QQ13382981	luger_1058
QQ13388586	softballplayer_615
QQ4144610	alpineskier_3602
QQ18617021	freestyleskier_1023
QQ13382603	skijumper_1553
QQ13382605	nordiccombined_skier_883
QQ19801627	skimountaineer_377
QQ16029547	biathlete_1804
QQ10866633	speedskater_2142
QQ18200514	shorttrack_speed_skater_641
QQ17361147	icedancer_1119
QQ13219587	figureskater_3850
QQ17516936	curler_2907
QQ51751308	curlingcoach_302
QQ3014296	motorcycleracer_2337
QQ378622	racingdriver_5004
QQ10349745	racingautomobile_driver_4655
QQ10841764	formulaone_driver_981
QQ10842936	rallydriver_582
QQ63243629	speedwayrider_857
QQ2730732	equestrian_1819
QQ13381458	dressagerider_388
QQ24797688	showjumper_290
QQ466640	horsetrainer_754
QQ13218361	poloplayer_366
QQ846750	jockey_1090
QQ2309784	sportcyclist_18019
QQ15117302	volleyballplayer_6531
QQ15117415	cyclo_crosscyclist_361
QQ3665646	basketballplayer_27485
QQ5137571	basketballcoach_7191
QQ12299841	cricketer_38781
QQ2143894	cricketumpire_959
QQ10871364	baseballplayer_31037
QQ11336312	professionalbaseball_player_468
QQ1186921	baseballmanager_384
QQ865935	baseballcoach_322
QQ1856798	baseballumpire_266
QQ12840545	handballplayer_6668
QQ13365201	handballcoach_403
QQ17361156	beachvolleyball_player_1147
QQ18515558	futsalplayer_1708
QQ21057452	beachsoccer_player_356
QQ17682262	lacrosseplayer_659
QQ17619498	netballer_498
QQ13388442	skeletonracer_286
QQ18702210	bandyplayer_318
QQ29579227	bowlsplayer_1112
QQ18574233	dartsplayer_694
QQ17165321	snookerplayer_673
QQ20540007	poolplayer_285
QQ15295720	pokerplayer_932
QQ18437198	bridgeplayer_477
QQ11303721	golfer_4976
QQ476246	sailor_4306
QQ45199	sailor_816
QQ1897112	skipper_584
QQ13382576	rower_9305
QQ1690874	coxswain_465
QQ21121588	rowingcoach_273
QQ11338576	boxer_12399
QQ11296761	kickboxer_1150
QQ388513	thaiboxer_969
QQ6665249	judoka_4699
QQ9017214	karateka_1132
QQ13382533	taekwondoathlete_1560
QQ11124885	martialartist_725
QQ12369333	amateurwrestler_6832
QQ12839983	wrestler_438
QQ13474373	professionalwrestler_4066
QQ13381572	artisticgymnast_4426
QQ24037210	rhythmicgymnast_1468
QQ16947675	gymnast_1791
QQ13381376	weightlifter_3500
QQ23845879	powerlifter_375
QQ15982795	bodybuilder_454
QQ10873124	chessplayer_5634
QQ21141408	pentathlete_568
QQ15972912	modernpentathlete_806
QQ4379701	professionalgamer_429
QQ11538947	professionalshogi_player_264
QQ2727289	rikishi_663
QQ26384038	eventrider_304
QQ18199024	hurler_2314
QQ17351861	gaelicfootball_player_2211
QQ4951095	bowler_258
QQ17486376	sportshooter_5553
QQ19841381	canadianfootball_player_4840
QQ13381863	fencer_4552
QQ15117395	trackcyclist_831
QQ13581129	orienteer_696
QQ13856320	hammerthrower_325
QQ12803959	runner_308
QQ17614049	nascarteam_owner_254
QQ19204627	americanfootball_player_41029
QQ42331263	americanfootball_coach_3198
QQ716711	americanfootball_official_64
QQ937857	associationfootball_player_218545
QQ628099	associationfootball_coach_35597
QQ859528	associationfootball_referee_1768
QQ111398859	associationfootball_executive_54
QQ1478408	associationfootball_national_coach_11
QQ38088701	associationfootball_match_official_2
QQ13414980	australianrules_football_player_14613
QQ50214236	australianrules_football_coach_432
QQ7881754	australianrules_football_umpire_173
QQ11774891	icehockey_player_22140
QQ5137576	icehockey_coach_779
QQ1757103	icehockey_official_66
QQ65233763	icehockey_executive_15
QQ2859663	icehockey_referee_6
QQ14373094	rugbyleague_player_10448
QQ59239421	rugbyleague_coach_71
QQ64851604	rugbyleague_referee_30
QQ66496492	rugbyleague_administrator_17
QQ7378323	rugbyleague_match_official_2
QQ26237722	rugbysevens_player_725
QQ112709119	category_rugbysevens_referees_5
QQ63065786	rugbysevens_coach_3
QQ14089670	rugbyunion_player_20449
QQ15041977	rugbyunion_coach_382
QQ2859671	rugbyunion_match_official_191
QQ56117770	rugbyunion_executive_44
QQ10843263	fieldhockey_player_5576
QQ86629158	fieldhockey_coach_33
QQ3621342	fieldhockey_umpire_8
QQ123364288	fieldhockey_goalkeeper_7
QQ57199189	figureskating_coach_616
QQ55284884	figureskating_choreographer_214
QQ56882269	figureskating_judge_100
QQ11607585	mixedmartial_artist_3031
QQ52008305	mixedmartial_arts_referee_15
QQ57997670	mixedmartial_arts_trainer_3
QQ52008306	mixedmartial_arts_judge_1
QQ721051	professionalwrestling_referee_42
QQ123423616	professionalwrestling_promoter_12
QQ123523208	professionalwrestling_announcer_9
QQ123523283	professionalwrestling_ring_announcer_6
QQ721067	professionalwrestling_promotion_1
QQ116175863	professionalwrestling_trainer_1
QQ17524364	waterpolo_player_3056
QQ90479996	waterpolo_coach_160
QQ13382191	waterpolo_referee_7
QQ108218815	waterpolo_official_1
QQ13382608	cross_countryskier_3277
QQ59602173	cross_countryskiing_coach_26
QQ9304839	cross_dresser_10
QQ7178	internationalred_cross_and_red_crescent_movement_1
QQ179687	cross_countryskiing_1
QQ18667447	pes_u00e4palloplayer_33
QQ101584226	pes_u00e4palloumpire_2
QQ101584206	pes_u00e4pallomanager_1
